src/assets/news/galactic-center-meerkat-2022/gc-meerkat.webp	https://cassa.site/wp-content/uploads/2023/07/gc-meerkat.webp
src/assets/news/spacetime-ripples-through-pulsar-beams/vla-cropped.webp	https://cassa.site/wp-content/uploads/2023/07/vla-cropped.webp
src/assets/news/light-from-the-source-of-darkness/unitime.webp	https://cassa.site/wp-content/uploads/2024/10/unitime.webp
src/assets/news/our-postbac-ra-starts-a-funded-msc-at-ndsu/fatema-usa.jpg	https://cassa.site/wp-content/uploads/2024/10/fatema-usa.jpg
src/assets/news/durer-chobi/ahad.jpg	https://cassa.site/wp-content/uploads/2024/11/ahad.jpg
src/assets/news/durer-chobi/Syed-Ashraf-Uddin-e1770189890719.webp	https://cassa.site/wp-content/uploads/2026/02/Syed-Ashraf-Uddin-e1770189890719.webp
src/assets/news/firefly-sparkle/image-1.png	https://cassa.site/wp-content/uploads/2024/12/image-1.png
src/assets/news/colloquium-2/cc2.webp	https://cassa.site/wp-content/uploads/2024/12/cc2.webp
src/assets/news/colloquium-1/cc1.webp	https://cassa.site/wp-content/uploads/2024/12/cc1.webp
src/assets/news/colloquium-3/col3-02.webp	https://cassa.site/wp-content/uploads/2025/01/col3-02.webp
src/assets/news/colloquium-3/col3-01.webp	https://cassa.site/wp-content/uploads/2025/01/col3-01.webp	https://cassa.site/wp-content/uploads/2025/01/col3-01-1030x773.webp
src/assets/news/colloquium-3/col3-03.webp	https://cassa.site/wp-content/uploads/2025/01/col3-03.webp	https://cassa.site/wp-content/uploads/2025/01/col3-03-1030x773.webp
src/assets/news/colloquium-3/col3-04.webp	https://cassa.site/wp-content/uploads/2025/01/col3-04.webp	https://cassa.site/wp-content/uploads/2025/01/col3-04-1030x775.webp
src/assets/news/colloquium-3/col3-05.webp	https://cassa.site/wp-content/uploads/2025/01/col3-05.webp	https://cassa.site/wp-content/uploads/2025/01/col3-05-1030x773.webp
src/assets/news/beyond-solar-system/image-1.png	https://cassa.site/wp-content/uploads/2025/03/image-1.png
src/assets/news/reconsidering-the-cosmological-constant/des.webp	https://cassa.site/wp-content/uploads/2025/09/des.webp
src/assets/news/reconsidering-the-cosmological-constant/constraint.webp	https://cassa.site/wp-content/uploads/2025/09/constraint.webp
src/assets/news/tart-installation/tart-1-e1768343914506.webp	https://cassa.site/wp-content/uploads/2025/11/tart-1-e1768343914506.webp
src/assets/news/cassa-workshop-2-innauguration/molteno.webp	https://cassa.site/wp-content/uploads/2025/11/molteno.webp
src/assets/news/stargazing-from-joypurhat-girls-cadet-college/m81.webp	https://cassa.site/wp-content/uploads/2025/12/m81.webp
src/assets/news/jgcc-2025/m101.webp	https://cassa.site/wp-content/uploads/2025/12/m101.webp
src/assets/news/british-council-bd/wow.webp	https://cassa.site/wp-content/uploads/2026/01/wow.webp
src/assets/news/sa-uddin/uddin.webp	https://cassa.site/wp-content/uploads/2026/01/uddin.webp
src/assets/news/sa-uddin/uddin-asad.webp	https://cassa.site/wp-content/uploads/2026/01/uddin-asad.webp	https://cassa.site/wp-content/uploads/2026/01/uddin-asad-1030x687.webp
src/assets/news/asean-astronomy-camp-2025/sami-asean.jpg	https://cassa.site/wp-content/uploads/2026/01/sami-asean.jpg
src/assets/news/local-expansion-rate/LDN.webp	https://cassa.site/wp-content/uploads/2026/04/LDN.webp
src/assets/news/2026-01-02/duk20260102.webp	https://cassa.site/wp-content/uploads/2026/01/duk20260102.webp
src/assets/news/2026-01-02/image.png	https://cassa.site/wp-content/uploads/2026/01/image.png	https://cassa.site/wp-content/uploads/2026/01/image-1030x371.png
src/assets/news/2026-01-02/image-2.png	https://cassa.site/wp-content/uploads/2026/01/image-2.png	https://cassa.site/wp-content/uploads/2026/01/image-2-1030x716.png
src/assets/news/astronomy-night-and-talk-2-0/cuhrs.webp	https://cassa.site/wp-content/uploads/2026/02/cuhrs.webp
src/assets/news/astronomy-night-and-talk-2-0/image-26.jpeg	https://cassa.site/wp-content/uploads/2026/02/image-26.jpeg	https://cassa.site/wp-content/uploads/2026/02/image-26-1030x579.jpeg
src/assets/news/astronomy-night-and-talk-2-0/image-25.jpeg	https://cassa.site/wp-content/uploads/2026/02/image-25.jpeg	https://cassa.site/wp-content/uploads/2026/02/image-25-1030x773.jpeg
src/assets/news/astronomy-night-and-talk-2-0/image-17.jpeg	https://cassa.site/wp-content/uploads/2026/02/image-17.jpeg	https://cassa.site/wp-content/uploads/2026/02/image-17-1030x745.jpeg
src/assets/news/astronomy-night-and-talk-2-0/image-27.jpeg	https://cassa.site/wp-content/uploads/2026/02/image-27.jpeg	https://cassa.site/wp-content/uploads/2026/02/image-27-1030x686.jpeg
src/assets/news/astronomy-night-and-talk-2-0/image-6.jpeg	https://cassa.site/wp-content/uploads/2026/02/image-6.jpeg	https://cassa.site/wp-content/uploads/2026/02/image-6-579x1030.jpeg
src/assets/news/astronomy-night-and-talk-2-0/image-3.jpeg	https://cassa.site/wp-content/uploads/2026/02/image-3.jpeg	https://cassa.site/wp-content/uploads/2026/02/image-3-579x1030.jpeg
src/assets/news/astronomy-night-and-talk-2-0/image.jpeg	https://cassa.site/wp-content/uploads/2026/02/image.jpeg	https://cassa.site/wp-content/uploads/2026/02/image-579x1030.jpeg
src/assets/news/astronomy-night-and-talk-2-0/image-5.jpeg	https://cassa.site/wp-content/uploads/2026/02/image-5.jpeg	https://cassa.site/wp-content/uploads/2026/02/image-5-1030x579.jpeg
src/assets/news/astronomy-night-and-talk-2-0/image-12.jpeg	https://cassa.site/wp-content/uploads/2026/02/image-12.jpeg	https://cassa.site/wp-content/uploads/2026/02/image-12-773x1030.jpeg
src/assets/news/astronomy-night-and-talk-2-0/image-29.jpeg	https://cassa.site/wp-content/uploads/2026/02/image-29.jpeg	https://cassa.site/wp-content/uploads/2026/02/image-29-1030x686.jpeg
src/assets/news/astronomy-night-and-talk-2-0/image-30.jpeg	https://cassa.site/wp-content/uploads/2026/02/image-30.jpeg	https://cassa.site/wp-content/uploads/2026/02/image-30-1030x686.jpeg
src/assets/news/astronomy-night-and-talk-2-0/image-7.jpeg	https://cassa.site/wp-content/uploads/2026/02/image-7.jpeg	https://cassa.site/wp-content/uploads/2026/02/image-7-1030x686.jpeg
src/assets/news/astronomy-night-and-talk-2-0/image-21.jpeg	https://cassa.site/wp-content/uploads/2026/02/image-21.jpeg	https://cassa.site/wp-content/uploads/2026/02/image-21-1030x686.jpeg
src/assets/news/astronomy-night-and-talk-2-0/image-8.jpeg	https://cassa.site/wp-content/uploads/2026/02/image-8.jpeg	https://cassa.site/wp-content/uploads/2026/02/image-8-1030x773.jpeg
src/assets/news/astronomy-night-and-talk-2-0/image-16.jpeg	https://cassa.site/wp-content/uploads/2026/02/image-16.jpeg	https://cassa.site/wp-content/uploads/2026/02/image-16-1030x686.jpeg
src/assets/news/astronomy-night-and-talk-2-0/image-18.jpeg	https://cassa.site/wp-content/uploads/2026/02/image-18.jpeg	https://cassa.site/wp-content/uploads/2026/02/image-18-1030x773.jpeg
src/assets/news/astronomy-night-and-talk-2-0/image-23.jpeg	https://cassa.site/wp-content/uploads/2026/02/image-23.jpeg	https://cassa.site/wp-content/uploads/2026/02/image-23-1030x773.jpeg
src/assets/news/astronomy-night-and-talk-2-0/image-31.jpeg	https://cassa.site/wp-content/uploads/2026/02/image-31.jpeg	https://cassa.site/wp-content/uploads/2026/02/image-31-773x1030.jpeg
src/assets/news/astronomy-night-and-talk-2-0/image-11.jpeg	https://cassa.site/wp-content/uploads/2026/02/image-11.jpeg	https://cassa.site/wp-content/uploads/2026/02/image-11-773x1030.jpeg
src/assets/news/astronomy-night-and-talk-2-0/image-14.jpeg	https://cassa.site/wp-content/uploads/2026/02/image-14.jpeg	https://cassa.site/wp-content/uploads/2026/02/image-14-773x1030.jpeg
src/assets/news/astronomy-night-and-talk-2-0/image-19.jpeg	https://cassa.site/wp-content/uploads/2026/02/image-19.jpeg	https://cassa.site/wp-content/uploads/2026/02/image-19-1030x773.jpeg
src/assets/news/astronomy-night-and-talk-2-0/image-22.jpeg	https://cassa.site/wp-content/uploads/2026/02/image-22.jpeg	https://cassa.site/wp-content/uploads/2026/02/image-22-773x1030.jpeg
src/assets/news/astronomy-night-and-talk-2-0/image-10.jpeg	https://cassa.site/wp-content/uploads/2026/02/image-10.jpeg	https://cassa.site/wp-content/uploads/2026/02/image-10-1030x773.jpeg
src/assets/news/astronomy-night-and-talk-2-0/image-24.jpeg	https://cassa.site/wp-content/uploads/2026/02/image-24.jpeg	https://cassa.site/wp-content/uploads/2026/02/image-24-1030x773.jpeg
src/assets/news/astronomy-night-and-talk-2-0/image-15.jpeg	https://cassa.site/wp-content/uploads/2026/02/image-15.jpeg	https://cassa.site/wp-content/uploads/2026/02/image-15-1030x773.jpeg
src/assets/news/dw2/dw2-group.webp	https://cassa.site/wp-content/uploads/2026/02/dw2-group.webp
src/assets/news/dw2/image-13.png	https://cassa.site/wp-content/uploads/2026/02/image-13.png
src/assets/news/dw2/image-35.jpeg	https://cassa.site/wp-content/uploads/2026/02/image-35.jpeg	https://cassa.site/wp-content/uploads/2026/02/image-35-1030x773.jpeg
src/assets/news/dw2/image-15.png	https://cassa.site/wp-content/uploads/2026/02/image-15.png	https://cassa.site/wp-content/uploads/2026/02/image-15-1030x699.png
src/assets/news/dw2/image-17.png	https://cassa.site/wp-content/uploads/2026/02/image-17.png	https://cassa.site/wp-content/uploads/2026/02/image-17-1030x699.png
src/assets/news/dw2/dw2-lunch.webp	https://cassa.site/wp-content/uploads/2026/02/dw2-lunch.webp	https://cassa.site/wp-content/uploads/2026/02/dw2-lunch-1030x773.webp
src/assets/news/dw2/image-16.png	https://cassa.site/wp-content/uploads/2026/02/image-16.png	https://cassa.site/wp-content/uploads/2026/02/image-16-1030x582.png
src/assets/news/dw2/image-18.png	https://cassa.site/wp-content/uploads/2026/02/image-18.png	https://cassa.site/wp-content/uploads/2026/02/image-18-1030x582.png
src/assets/news/dw2/image-14.png	https://cassa.site/wp-content/uploads/2026/02/image-14.png	https://cassa.site/wp-content/uploads/2026/02/image-14-980x1030.png
src/assets/news/dw2/image-9.png	https://cassa.site/wp-content/uploads/2026/02/image-9.png
src/assets/news/dw2/image-10.png	https://cassa.site/wp-content/uploads/2026/02/image-10.png
src/assets/news/dw2/image-11.png	https://cassa.site/wp-content/uploads/2026/02/image-11.png
src/assets/news/dw2/image-12.png	https://cassa.site/wp-content/uploads/2026/02/image-12.png	https://cassa.site/wp-content/uploads/2026/02/image-12-1030x631.png
src/assets/news/dw2/DSC04294.webp	https://cassa.site/wp-content/uploads/2026/02/DSC04294.webp	https://cassa.site/wp-content/uploads/2026/02/DSC04294-1030x687.webp
src/assets/news/dw2/DSC04292.webp	https://cassa.site/wp-content/uploads/2026/02/DSC04292.webp	https://cassa.site/wp-content/uploads/2026/02/DSC04292-1030x687.webp
src/assets/news/dw2/DSC04289.webp	https://cassa.site/wp-content/uploads/2026/02/DSC04289.webp	https://cassa.site/wp-content/uploads/2026/02/DSC04289-1030x687.webp
src/assets/news/dw2/DSC04288.webp	https://cassa.site/wp-content/uploads/2026/02/DSC04288.webp	https://cassa.site/wp-content/uploads/2026/02/DSC04288-1030x687.webp
src/assets/news/dw2/DSC04286.webp	https://cassa.site/wp-content/uploads/2026/02/DSC04286.webp	https://cassa.site/wp-content/uploads/2026/02/DSC04286-1030x687.webp
src/assets/news/durer-golpo/Durer-Golpo-e1770968479441.png	https://cassa.site/wp-content/uploads/2026/02/Durer-Golpo-e1770968479441.png
src/assets/news/durer-golpo/ahad.jpg	https://cassa.site/wp-content/uploads/2024/11/ahad.jpg
src/assets/news/durer-golpo/bahauddin-1.webp	https://cassa.site/wp-content/uploads/2024/11/bahauddin-1.webp	https://cassa.site/wp-content/uploads/2024/11/bahauddin-1-1030x1030.webp
src/assets/news/black-holes-around-black-holes/ZTF_BH_Merger.webp	https://cassa.site/wp-content/uploads/2026/03/ZTF_BH_Merger.webp
src/assets/news/black-holes-around-black-holes/image.png	https://cassa.site/wp-content/uploads/2026/03/image.png
src/assets/news/barnards-star-hosts-four-tiny-planets/barnards-star-planets.webp	https://cassa.site/wp-content/uploads/2026/03/barnards-star-planets.webp
src/assets/news/barnards-star-hosts-four-tiny-planets/image-1.png	https://cassa.site/wp-content/uploads/2026/03/image-1.png	https://cassa.site/wp-content/uploads/2026/03/image-1-1030x773.png
src/assets/news/strange_brown_dwarf/image-2.png	https://cassa.site/wp-content/uploads/2026/03/image-2.png
src/assets/news/strange_brown_dwarf/image-3.png	https://cassa.site/wp-content/uploads/2026/03/image-3.png
src/assets/news/examining-earendel/sunrisearc2-702x336-1.jpg	https://cassa.site/wp-content/uploads/2026/03/sunrisearc2-702x336-1.jpg
src/assets/news/examining-earendel/1000035630.jpg	https://cassa.site/wp-content/uploads/2026/03/1000035630.jpg
src/assets/news/examining-earendel/1000035631.jpg	https://cassa.site/wp-content/uploads/2026/03/1000035631.jpg
src/assets/news/examining-earendel/apjladed93f4_hr.jpg	https://cassa.site/wp-content/uploads/2026/03/apjladed93f4_hr.jpg
src/assets/news/bangladesh-physical-society-conference-2026/bps-imtiaz-scaled.webp	https://cassa.site/wp-content/uploads/2026/05/bps-imtiaz-scaled.webp
src/assets/news/bangladesh-physical-society-conference-2026/bps-imtiaz.webp	https://cassa.site/wp-content/uploads/2026/05/bps-imtiaz.webp	https://cassa.site/wp-content/uploads/2026/05/bps-imtiaz-1030x773.webp
src/assets/news/bangladesh-physical-society-conference-2026/bps-nihal.webp	https://cassa.site/wp-content/uploads/2026/05/bps-nihal.webp	https://cassa.site/wp-content/uploads/2026/05/bps-nihal-1030x579.webp
src/assets/news/abb1/orion.webp	https://cassa.site/wp-content/uploads/2026/01/orion.webp
src/assets/news/abb2/Lunar_phases_al-Biruni.webp	https://cassa.site/wp-content/uploads/2026/01/Lunar_phases_al-Biruni.webp
src/assets/news/arc/arc-e1769689250758.webp	https://cassa.site/wp-content/uploads/2026/01/arc-e1769689250758.webp
src/assets/news/durbin-workshop-3/dw3.webp	https://cassa.site/wp-content/uploads/2026/05/dw3.webp
src/assets/news/durbin-aci-medhabi-carnival-2026/aci-medhabi-carnival-1.webp	https://cassa.site/wp-content/uploads/2026/05/aci-medhabi-carnival-1.webp
src/assets/news/durbin-aci-medhabi-carnival-2026/aci-medhabi-carnival-3.webp	https://cassa.site/wp-content/uploads/2026/05/aci-medhabi-carnival-3.webp	https://cassa.site/wp-content/uploads/2026/05/aci-medhabi-carnival-3-1030x773.webp
src/assets/news/durbin-aci-medhabi-carnival-2026/aci-medhabi-carnival-2.webp	https://cassa.site/wp-content/uploads/2026/05/aci-medhabi-carnival-2.webp	https://cassa.site/wp-content/uploads/2026/05/aci-medhabi-carnival-2-1030x773.webp
src/assets/events/astronomy-night-2/English.png	https://cassa.site/wp-content/uploads/2023/03/English.png
src/assets/events/astronomy-night-1/durbin-inauguration-1.jpg	https://cassa.site/wp-content/uploads/2023/03/durbin-inauguration-1.jpg
src/assets/events/astronomy-night-3/English-1.webp	https://cassa.site/wp-content/uploads/2023/10/English-1.webp
src/assets/events/coalab-colloquium-1/vla-3.jpg	https://cassa.site/wp-content/uploads/2023/07/vla-3.jpg
src/assets/events/astronomy-night-4/Add-a-little-bit-of-body-text.jpg	https://cassa.site/wp-content/uploads/2023/08/Add-a-little-bit-of-body-text.jpg
src/assets/events/scostep-iswi-international-school-on-space-science/noaa-space-weather.webp	https://cassa.site/wp-content/uploads/2024/02/noaa-space-weather.webp
src/assets/events/lofar-eor-plenary-meeting-2024/LOFAR_Superterp.webp	https://cassa.site/wp-content/uploads/2024/02/LOFAR_Superterp.webp
src/assets/events/zoom-q-a-session-on-astronomy-phd-admission-for/poster-scaled.webp	https://cassa.site/wp-content/uploads/2024/10/poster-scaled.webp
src/assets/events/67th-anniversary-of-sputnik-flight-to-outer-space/sputnik-1.jpg	https://cassa.site/wp-content/uploads/2024/10/sputnik-1.jpg
src/assets/events/colloquium-6/karim-e1740627757393.webp	https://cassa.site/wp-content/uploads/2025/01/karim-e1740627757393.webp
src/assets/events/workshop-4/ahad.jpg	https://cassa.site/wp-content/uploads/2024/11/ahad.jpg
src/assets/events/workshop-3/asad.webp	https://cassa.site/wp-content/uploads/2023/12/asad.webp
src/assets/events/durbin-public-evening-01/WomenGirlsStoriesPoster.png	https://cassa.site/wp-content/uploads/2026/05/WomenGirlsStoriesPoster.png	https://cassa.site/wp-content/uploads/2026/05/WomenGirlsStoriesPoster-240x300.png
src/assets/events/open-discussion-at-quantum-foundation/quantum-foundation.webp	https://cassa.site/wp-content/uploads/2024/10/quantum-foundation.webp
src/assets/events/lofar-eor-plenary-meeting/radtel-1.webp	https://cassa.site/wp-content/uploads/2024/05/radtel-1.webp
src/assets/events/colloquium-1/ahad.jpg	https://cassa.site/wp-content/uploads/2024/11/ahad.jpg
src/assets/events/colloquium-2/mowla.webp	https://cassa.site/wp-content/uploads/2024/11/mowla.webp
src/assets/events/colloquium-4/bahauddin-e1732621966981.webp	https://cassa.site/wp-content/uploads/2024/11/bahauddin-e1732621966981.webp
src/assets/events/colloquium-3/uddin.jpg	https://cassa.site/wp-content/uploads/2024/11/uddin.jpg
src/assets/events/astronomy-night-9/an9.webp	https://cassa.site/wp-content/uploads/2024/12/an9.webp
src/assets/events/colloquium-5/akib-1.webp	https://cassa.site/wp-content/uploads/2024/12/akib-1.webp
src/assets/events/tea-talk-1/masruk.webp	https://cassa.site/wp-content/uploads/2025/02/masruk.webp
src/assets/events/cassa-plenary-meeting-1/cassa.webp	https://cassa.site/wp-content/uploads/2025/02/cassa.webp
src/assets/events/workshop-1/LOFAR_Superterp.webp	https://cassa.site/wp-content/uploads/2024/02/LOFAR_Superterp.webp
src/assets/events/workshop-1/workshop-1-1.webp	https://cassa.site/wp-content/uploads/2025/03/workshop-1-1.webp	https://cassa.site/wp-content/uploads/2025/03/workshop-1-1-300x161.webp
src/assets/events/rubin-first-look-watch-party/rubin.jpg	https://cassa.site/wp-content/uploads/2025/06/rubin.jpg
src/assets/events/rubin-first-look-watch-party/rubin-first-look.webp	https://cassa.site/wp-content/uploads/2025/06/rubin-first-look.webp	https://cassa.site/wp-content/uploads/2025/06/rubin-first-look-232x300.webp
src/assets/events/colloquium-7/kcw.png	https://cassa.site/wp-content/uploads/2025/06/kcw.png
src/assets/events/journal-talk-2/journal-talk.webp	https://cassa.site/wp-content/uploads/2025/06/journal-talk.webp
src/assets/events/journal-talk-3/journal-talk.webp	https://cassa.site/wp-content/uploads/2025/06/journal-talk.webp
src/assets/events/workshop-2/eor.webp	https://cassa.site/wp-content/uploads/2025/06/eor.webp
src/assets/events/colloquium-8/tanvir-e1762452831598.jpeg	https://cassa.site/wp-content/uploads/2025/06/tanvir-e1762452831598.jpeg
src/assets/events/journal-talk-4/journal-talk.webp	https://cassa.site/wp-content/uploads/2025/06/journal-talk.webp
src/assets/events/journal-talk-5/journal-talk.webp	https://cassa.site/wp-content/uploads/2025/06/journal-talk.webp
src/assets/events/journal-talk-6/journal-talk.webp	https://cassa.site/wp-content/uploads/2025/06/journal-talk.webp
src/assets/events/colloquium-9/dey.webp	https://cassa.site/wp-content/uploads/2025/10/dey.webp
src/assets/events/colloquium-10/mozumdar.webp	https://cassa.site/wp-content/uploads/2025/10/mozumdar.webp
src/assets/events/journal-talk-7/journal-talk.webp	https://cassa.site/wp-content/uploads/2025/06/journal-talk.webp
src/assets/events/opening-ceremony-of-cassa-workshop-2/workshop-2-banner-scaled.webp	https://cassa.site/wp-content/uploads/2025/11/workshop-2-banner-scaled.webp
src/assets/events/opening-ceremony-of-cassa-workshop-2/open-inv.webp	https://cassa.site/wp-content/uploads/2025/11/open-inv.webp	https://cassa.site/wp-content/uploads/2025/11/open-inv-300x210.webp
src/assets/events/opening-ceremony-of-cassa-workshop-2/open-pro.webp	https://cassa.site/wp-content/uploads/2025/11/open-pro.webp	https://cassa.site/wp-content/uploads/2025/11/open-pro-300x210.webp
src/assets/events/astronomy-night-11/tart-bd-iub.webp	https://cassa.site/wp-content/uploads/2025/11/tart-bd-iub.webp
src/assets/events/astronomy-night-11/an11-2.webp	https://cassa.site/wp-content/uploads/2025/11/an11-2.webp	https://cassa.site/wp-content/uploads/2025/11/an11-2-188x300.webp
src/assets/events/astronomy-night-11/cw2-unis-e1764060794303.webp	https://cassa.site/wp-content/uploads/2025/11/cw2-unis-e1764060794303.webp	https://cassa.site/wp-content/uploads/2025/11/cw2-unis-e1764060794303-300x163.webp
src/assets/events/astronomy-night-11/cw2-imgs-2.webp	https://cassa.site/wp-content/uploads/2025/11/cw2-imgs-2.webp	https://cassa.site/wp-content/uploads/2025/11/cw2-imgs-2-300x200.webp
src/assets/events/astronomy-night-11/cw2-imgs-1.webp	https://cassa.site/wp-content/uploads/2025/11/cw2-imgs-1.webp	https://cassa.site/wp-content/uploads/2025/11/cw2-imgs-1-300x225.webp
src/assets/events/colloquium-11/ananna.webp	https://cassa.site/wp-content/uploads/2025/04/ananna.webp
src/assets/events/journal-talk-8/journal-talk.webp	https://cassa.site/wp-content/uploads/2025/06/journal-talk.webp
src/assets/events/colloquium-12/redyan.webp	https://cassa.site/wp-content/uploads/2025/06/redyan.webp
src/assets/events/colloquium-13/akib-1.webp	https://cassa.site/wp-content/uploads/2024/12/akib-1.webp
src/assets/events/journal-talk-9/journal-talk.webp	https://cassa.site/wp-content/uploads/2025/06/journal-talk.webp
src/assets/events/astronomy-night-12/cassa-scaled.webp	https://cassa.site/wp-content/uploads/2025/12/cassa-scaled.webp
src/assets/events/astronomy-night-12/an12.webp	https://cassa.site/wp-content/uploads/2025/12/an12.webp	https://cassa.site/wp-content/uploads/2025/12/an12-240x300.webp
src/assets/events/journal-talk-10/journal-talk.webp	https://cassa.site/wp-content/uploads/2025/06/journal-talk.webp
src/assets/events/durbin-workshop-2/m74-1.webp	https://cassa.site/wp-content/uploads/2026/01/m74-1.webp
src/assets/events/journal-talk-11/journal-talk.webp	https://cassa.site/wp-content/uploads/2025/06/journal-talk.webp
src/assets/events/journal-talk-12/journal-talk.webp	https://cassa.site/wp-content/uploads/2025/06/journal-talk.webp
src/assets/events/journal-talk-13/journal-talk.webp	https://cassa.site/wp-content/uploads/2025/06/journal-talk.webp
src/assets/events/astronomy-night-13/an13-land-1.webp	https://cassa.site/wp-content/uploads/2026/03/an13-land-1.webp
src/assets/events/astronomy-night-13/latona.webp	https://cassa.site/wp-content/uploads/2026/03/latona.webp	https://cassa.site/wp-content/uploads/2026/03/latona-300x168.webp
src/assets/events/astronomy-night-13/an13-port.webp	https://cassa.site/wp-content/uploads/2026/03/an13-port.webp	https://cassa.site/wp-content/uploads/2026/03/an13-port-212x300.webp
src/assets/events/astronomy-night-14/an14-land.webp	https://cassa.site/wp-content/uploads/2026/04/an14-land.webp
src/assets/events/astronomy-night-14/anight14.webp	https://cassa.site/wp-content/uploads/2026/04/anight14.webp	https://cassa.site/wp-content/uploads/2026/04/anight14-212x300.webp
src/assets/events/journal-talk-14/journal-talk.webp	https://cassa.site/wp-content/uploads/2025/06/journal-talk.webp
src/assets/events/journal-talk-15/journal-talk.webp	https://cassa.site/wp-content/uploads/2025/06/journal-talk.webp
src/assets/events/durbin-training-camp-2/m101.webp	https://cassa.site/wp-content/uploads/2025/12/m101.webp
src/assets/events/durbin-training-camp-2/uddin_prof-e1769977687397.webp	https://cassa.site/wp-content/uploads/2026/02/uddin_prof-e1769977687397.webp	https://cassa.site/wp-content/uploads/2026/02/uddin_prof-e1769977687397-300x300.webp
src/assets/events/durbin-talk-6/Feb-15-2026-10_32_48-PM.png	https://cassa.site/wp-content/uploads/2026/02/Feb-15-2026-10_32_48-PM.png
src/assets/events/journal-talk-16/journal-talk.webp	https://cassa.site/wp-content/uploads/2025/06/journal-talk.webp
src/assets/events/journal-talk-17/journal-talk.webp	https://cassa.site/wp-content/uploads/2025/06/journal-talk.webp
src/assets/events/journal-talk-18/journal-talk.webp	https://cassa.site/wp-content/uploads/2025/06/journal-talk.webp
src/assets/events/journal-talk-19/journal-talk.webp	https://cassa.site/wp-content/uploads/2025/06/journal-talk.webp
